Timestamp,User Count,Type,Name,Requests/s,Failures/s,50%,66%,75%,80%,90%,95%,98%,99%,99.9%,99.99%,100%,Total Request Count,Total Failure Count,Total Median Response Time,Total Average Response Time,Total Min Response Time,Total Max Response Time,Total Average Content Size
1664900887,0,,Aggregated,0.000000,0.000000,N/A,N/A,N/A,N/A,N/A,N/A,N/A,N/A,N/A,N/A,N/A,0,0,0,0,0,0,0
1664900888,500,,Aggregated,0.000000,0.000000,N/A,N/A,N/A,N/A,N/A,N/A,N/A,N/A,N/A,N/A,N/A,0,0,0,0,0,0,0
1664900889,500,,Aggregated,0.000000,0.000000,N/A,N/A,N/A,N/A,N/A,N/A,N/A,N/A,N/A,N/A,N/A,0,0,0,0,0,0,0
1664900890,500,,Aggregated,0.000000,0.000000,N/A,N/A,N/A,N/A,N/A,N/A,N/A,N/A,N/A,N/A,N/A,0,0,0,0,0,0,0
1664900891,500,,Aggregated,0.000000,0.000000,3600,3700,3700,3800,3800,3800,3800,3800,3800,3800,3800,38,0,3600.0,3624.2528290144705,3288.4043976664543,3827.8673328459263,5035.0
1664900892,500,,Aggregated,0.000000,0.000000,4200,4500,4600,4600,4700,4800,4900,4900,4900,4900,4900,148,0,4200.0,4183.81300379799,3288.4043976664543,4904.2054787278175,5035.0
1664900893,500,,Aggregated,8.750000,0.000000,4900,5200,5300,5400,5600,5700,5700,5800,5800,5800,5800,291,0,4900.0,4755.216565994463,3288.4043976664543,5798.876900225878,5035.0
1664900894,500,,Aggregated,27.600000,0.000000,5300,5700,5900,6100,6400,6600,6700,6700,6900,6900,6900,426,0,5300.0,5133.899148256286,846.0719212889671,6872.4922724068165,5035.0
1664900895,500,,Aggregated,47.000000,0.000000,5300,5800,6200,6400,6900,7300,7500,7700,7800,7800,7800,561,0,5300.0,5043.16313724148,846.0719212889671,7849.195703864098,5035.0
1664900896,500,,Aggregated,59.428571,0.000000,4900,5600,6000,6300,6900,7300,7700,7900,8600,8600,8600,703,0,4900.0,4633.916958376956,400.7350318133831,8611.9125187397,5035.0
1664900897,500,,Aggregated,69.000000,0.000000,4300,5300,5800,6100,6800,7300,7700,7800,8600,8600,8600,840,0,4300.0,4305.69903590672,335.11069416999817,8611.9125187397,5035.0
1664900898,500,,Aggregated,76.555556,0.000000,3800,5000,5600,5900,6600,7100,7600,7800,8600,8600,8600,979,0,3800.0,4064.912055825493,335.11069416999817,8611.9125187397,5035.0
1664900899,500,,Aggregated,83.000000,0.000000,3600,4600,5300,5700,6500,7000,7600,7800,8400,8600,8600,1127,0,3600.0,3870.51589818078,335.11069416999817,8611.9125187397,5035.0
1664900900,500,,Aggregated,96.900000,0.000000,3300,4300,5100,5500,6400,6900,7500,7800,8400,8600,8600,1272,0,3300.0,3720.111365081543,335.11069416999817,8611.9125187397,5035.0
1664900901,500,,Aggregated,110.900000,0.000000,3200,3900,4900,5300,6300,6900,7500,7700,8400,8600,8600,1415,0,3200.0,3600.1726776098194,325.990229845047,8611.9125187397,5035.0
1664900902,500,,Aggregated,125.700000,0.000000,3000,3700,4600,5200,6200,6800,7300,7700,8400,8600,8600,1551,0,3000.0,3500.959995199718,325.990229845047,8611.9125187397,5035.0
1664900903,500,,Aggregated,136.500000,0.000000,3000,3600,4400,5000,6100,6700,7300,7700,8400,8600,8600,1701,0,3000.0,3406.6615510274214,325.990229845047,8611.9125187397,5035.0
1664900904,500,,Aggregated,140.700000,0.000000,2900,3500,4200,4800,6000,6700,7300,7700,8400,8600,8600,1841,0,2900.0,3331.109933840442,325.990229845047,8611.9125187397,5035.0
1664900905,500,,Aggregated,140.100000,0.000000,2900,3400,3900,4600,5900,6600,7300,7600,8400,8600,8600,1988,0,2900.0,3268.1447111812217,296.5010665357113,8611.9125187397,5035.0
1664900906,500,,Aggregated,141.600000,0.000000,2800,3400,3800,4500,5800,6600,7200,7600,8300,8600,8600,2134,0,2800.0,3209.688997147526,296.5010665357113,8611.9125187397,5035.0
1664900907,500,,Aggregated,141.500000,0.000000,2800,3300,3800,4300,5700,6500,7200,7600,8300,8600,8600,2275,0,2800.0,3163.014481036545,296.5010665357113,8611.9125187397,5035.0
1664900908,500,,Aggregated,142.600000,0.000000,2800,3300,3700,4100,5600,6400,7100,7500,8300,8600,8600,2426,0,2800.0,3123.626115250494,296.5010665357113,8611.9125187397,5035.0
1664900909,500,,Aggregated,143.400000,0.000000,2800,3300,3700,4000,5500,6400,7100,7500,8300,8600,8600,2571,0,2800.0,3084.4326959767145,296.5010665357113,8611.9125187397,5035.0
1664900910,500,,Aggregated,144.000000,0.000000,2800,3300,3600,3900,5400,6300,7000,7500,8300,8600,8600,2719,0,2800.0,3044.883079724075,296.5010665357113,8611.9125187397,5035.0
1664900911,500,,Aggregated,144.700000,0.000000,2800,3300,3600,3800,5300,6300,7000,7500,8300,8600,8600,2868,0,2800.0,3006.315460989727,296.5010665357113,8611.9125187397,5035.0
1664900912,500,,Aggregated,144.500000,0.000000,2800,3200,3600,3800,5200,6200,7000,7400,8100,8600,8600,3012,0,2800.0,2976.3378539032356,296.5010665357113,8611.9125187397,5035.0
1664900913,500,,Aggregated,144.700000,0.000000,2700,3200,3600,3800,5100,6200,6900,7300,8100,8600,8600,3158,0,2700.0,2946.7485363455403,296.5010665357113,8611.9125187397,5035.0
1664900914,500,,Aggregated,145.000000,0.000000,2700,3200,3600,3800,5000,6100,6900,7300,8100,8600,8600,3309,0,2700.0,2921.3073155224934,296.5010665357113,8611.9125187397,5035.0
1664900915,500,,Aggregated,146.200000,0.000000,2700,3200,3600,3800,5000,6100,6900,7300,8100,8600,8600,3456,0,2700.0,2900.462811777187,296.5010665357113,8611.9125187397,5035.0
1664900916,500,,Aggregated,145.700000,0.000000,2700,3200,3600,3800,4900,6000,6800,7300,8100,8600,8600,3607,0,2700.0,2879.824578116558,265.25213196873665,8611.9125187397,5035.0
1664900917,500,,Aggregated,147.200000,0.000000,2700,3200,3600,3800,4800,5900,6800,7300,8100,8600,8600,3754,0,2700.0,2859.226459345533,265.25213196873665,8611.9125187397,5035.0
1664900918,500,,Aggregated,147.100000,0.000000,2700,3200,3500,3700,4700,5900,6800,7300,8100,8600,8600,3900,0,2700.0,2842.309371159436,265.25213196873665,8611.9125187397,5035.0
1664900919,500,,Aggregated,147.200000,0.000000,2700,3200,3500,3700,4600,5800,6800,7300,8100,8600,8600,4050,0,2700.0,2828.9616880814233,265.25213196873665,8611.9125187397,5035.0
1664900920,500,,Aggregated,147.400000,0.000000,2700,3200,3500,3700,4500,5800,6800,7300,8100,8600,8600,4196,0,2700.0,2815.0783318500644,265.25213196873665,8611.9125187397,5035.0
1664900921,500,,Aggregated,147.700000,0.000000,2700,3200,3500,3700,4500,5700,6700,7200,8100,8600,8600,4343,0,2700.0,2800.252004637851,265.25213196873665,8611.9125187397,5035.0
1664900922,500,,Aggregated,147.500000,0.000000,2700,3200,3500,3700,4500,5700,6700,7200,8100,8600,8600,4493,0,2700.0,2785.9424733598885,265.25213196873665,8611.9125187397,5035.0
1664900923,500,,Aggregated,147.700000,0.000000,2700,3200,3500,3700,4400,5700,6700,7200,8100,8600,8600,4640,0,2700.0,2770.1067708296187,265.25213196873665,8611.9125187397,5035.0
1664900924,500,,Aggregated,147.600000,0.000000,2700,3200,3500,3700,4300,5600,6600,7100,8100,8600,8600,4787,0,2700.0,2755.833161838784,265.25213196873665,8611.9125187397,5035.0
1664900925,500,,Aggregated,147.500000,0.000000,2700,3200,3500,3700,4300,5600,6600,7100,8100,8600,8600,4935,0,2700.0,2745.2038351329384,265.25213196873665,8611.9125187397,5035.0
1664900926,500,,Aggregated,147.900000,0.000000,2600,3200,3500,3700,4300,5500,6600,7100,8000,8600,8600,5087,0,2600.0,2737.226421617269,265.25213196873665,8611.9125187397,5035.0
1664900927,500,,Aggregated,147.500000,0.000000,2600,3200,3500,3700,4300,5500,6600,7100,8000,8600,8600,5230,0,2600.0,2729.903014613241,265.25213196873665,8611.9125187397,5035.0
1664900928,500,,Aggregated,147.600000,0.000000,2600,3200,3500,3700,4200,5400,6600,7000,8000,8600,8600,5379,0,2600.0,2718.5970301144093,265.25213196873665,8611.9125187397,5035.0
1664900929,500,,Aggregated,147.400000,0.000000,2600,3200,3500,3700,4200,5400,6500,7000,8000,8600,8600,5527,0,2600.0,2706.6105931925854,265.25213196873665,8611.9125187397,5035.0
1664900930,500,,Aggregated,147.400000,0.000000,2600,3100,3500,3700,4200,5300,6500,7000,8000,8600,8600,5678,0,2600.0,2695.6535373119273,265.25213196873665,8611.9125187397,5035.0
1664900931,500,,Aggregated,147.300000,0.000000,2600,3200,3500,3700,4200,5300,6500,7000,8000,8600,8600,5827,0,2600.0,2687.834375840488,265.25213196873665,8611.9125187397,5035.0
1664900932,500,,Aggregated,147.700000,0.000000,2600,3200,3500,3700,4200,5300,6400,7000,8000,8600,8600,5971,0,2600.0,2680.326095203088,265.25213196873665,8611.9125187397,5035.0
1664900933,500,,Aggregated,147.900000,0.000000,2600,3200,3500,3700,4200,5200,6400,7000,7900,8600,8600,6119,0,2600.0,2673.487968201009,265.25213196873665,8611.9125187397,5035.0
1664900934,500,,Aggregated,147.800000,0.000000,2600,3200,3500,3700,4200,5200,6400,7000,7900,8600,8600,6268,0,2600.0,2667.981525237631,265.25213196873665,8611.9125187397,5035.0
1664900935,500,,Aggregated,147.300000,0.000000,2600,3200,3500,3700,4100,5100,6400,6900,7900,8600,8600,6422,0,2600.0,2661.243080339307,265.25213196873665,8611.9125187397,5035.0
1664900936,500,,Aggregated,147.800000,0.000000,2600,3100,3500,3700,4100,5000,6400,6900,7900,8600,8600,6565,0,2600.0,2653.9496826449154,265.25213196873665,8611.9125187397,5035.0
1664900937,500,,Aggregated,147.900000,0.000000,2600,3100,3500,3700,4100,5000,6300,6900,7900,8600,8600,6717,0,2600.0,2647.0467411697095,265.25213196873665,8611.9125187397,5035.0
1664900938,500,,Aggregated,148.000000,0.000000,2600,3100,3500,3700,4100,5000,6300,6900,7900,8600,8600,6861,0,2600.0,2640.7467844473726,265.25213196873665,8611.9125187397,5035.0
1664900939,500,,Aggregated,147.900000,0.000000,2600,3100,3500,3600,4100,5000,6300,6900,7900,8600,8600,7015,0,2600.0,2633.9476367096263,265.25213196873665,8611.9125187397,5035.0
1664900940,500,,Aggregated,148.200000,0.000000,2600,3100,3500,3600,4100,4900,6300,6900,7900,8600,8600,7160,0,2600.0,2628.5731466304946,265.25213196873665,8611.9125187397,5035.0
1664900941,500,,Aggregated,148.100000,0.000000,2600,3100,3500,3600,4100,4900,6300,6800,7900,8600,8600,7313,0,2600.0,2623.649207328794,265.25213196873665,8611.9125187397,5035.0
1664900942,500,,Aggregated,148.400000,0.000000,2600,3100,3500,3600,4100,4900,6200,6800,7900,8600,8600,7463,0,2600.0,2618.739811683846,265.25213196873665,8611.9125187397,5035.0
1664900943,500,,Aggregated,148.400000,0.000000,2600,3100,3500,3600,4100,4900,6200,6800,7900,8600,8600,7614,0,2600.0,2615.968187129952,265.25213196873665,8611.9125187397,5035.0
1664900944,500,,Aggregated,148.600000,0.000000,2600,3100,3500,3600,4100,4800,6200,6800,7900,8600,8600,7764,0,2600.0,2611.7745924550063,265.25213196873665,8611.9125187397,5035.0
1664900945,500,,Aggregated,149.100000,0.000000,2600,3100,3500,3600,4100,4800,6200,6800,7900,8600,8600,7910,0,2600.0,2606.4570487558126,265.25213196873665,8611.9125187397,5035.0
1664900946,500,,Aggregated,148.800000,0.000000,2600,3100,3500,3600,4100,4800,6100,6800,7800,8600,8600,8061,0,2600.0,2602.7637977019504,265.25213196873665,8611.9125187397,5035.0
1664900947,500,,Aggregated,148.800000,0.000000,2600,3100,3500,3600,4100,4800,6100,6800,7800,8600,8600,8207,0,2600.0,2599.3606679734335,265.25213196873665,8611.9125187397,5035.0
1664900948,500,,Aggregated,148.900000,0.000000,2600,3100,3400,3600,4100,4700,6100,6800,7800,8600,8600,8353,0,2600.0,2595.535406328387,265.25213196873665,8611.9125187397,5035.0
1664900949,500,,Aggregated,149.100000,0.000000,2500,3100,3400,3600,4100,4700,6100,6700,7800,8600,8600,8503,0,2500.0,2590.829780227813,265.25213196873665,8611.9125187397,5035.0
1664900950,500,,Aggregated,148.400000,0.000000,2500,3100,3400,3600,4100,4700,6100,6700,7800,8600,8600,8653,0,2500.0,2587.685421878108,265.25213196873665,8611.9125187397,5035.0
1664900951,500,,Aggregated,148.500000,0.000000,2500,3100,3400,3600,4100,4700,6000,6700,7800,8600,8600,8801,0,2500.0,2582.5592391920954,265.25213196873665,8611.9125187397,5035.0
1664900952,500,,Aggregated,148.400000,0.000000,2500,3100,3400,3600,4100,4700,6000,6700,7800,8600,8600,8953,0,2500.0,2579.0378923414405,265.25213196873665,8611.9125187397,5035.0
1664900953,500,,Aggregated,148.200000,0.000000,2500,3100,3400,3600,4100,4600,6000,6700,7800,8600,8600,9099,0,2500.0,2575.71435769964,265.25213196873665,8611.9125187397,5035.0
1664900954,500,,Aggregated,148.700000,0.000000,2500,3100,3400,3600,4100,4600,6000,6700,7800,8600,8600,9246,0,2500.0,2572.226075117909,265.25213196873665,8611.9125187397,5035.0
1664900955,500,,Aggregated,148.400000,0.000000,2500,3100,3400,3600,4100,4600,5900,6700,7800,8600,8600,9396,0,2500.0,2570.5729076331945,265.25213196873665,8611.9125187397,5035.0
1664900956,500,,Aggregated,148.000000,0.000000,2500,3100,3400,3600,4100,4600,5900,6600,7800,8600,8600,9543,0,2500.0,2568.639465589453,265.25213196873665,8611.9125187397,5035.0
1664900957,500,,Aggregated,148.300000,0.000000,2500,3100,3400,3600,4100,4600,5900,6600,7800,8600,8600,9689,0,2500.0,2566.6544410817355,265.25213196873665,8611.9125187397,5035.0
1664900958,500,,Aggregated,148.100000,0.000000,2500,3100,3400,3600,4100,4600,5900,6600,7800,8600,8600,9840,0,2500.0,2564.3096541156765,265.25213196873665,8611.9125187397,5035.0
1664900959,500,,Aggregated,147.400000,0.000000,2500,3100,3400,3600,4100,4600,5900,6600,7800,8600,8600,9986,0,2500.0,2561.457716526556,265.25213196873665,8611.9125187397,5035.0
1664900960,500,,Aggregated,148.400000,0.000000,2500,3100,3400,3600,4100,4600,5800,6600,7800,8400,8600,10133,0,2500.0,2558.6713052235364,265.25213196873665,8611.9125187397,5035.0
1664900961,500,,Aggregated,148.000000,0.000000,2500,3100,3400,3600,4000,4500,5800,6600,7800,8400,8600,10282,0,2500.0,2556.0573234823,265.25213196873665,8611.9125187397,5035.0
1664900962,500,,Aggregated,147.900000,0.000000,2500,3100,3400,3600,4000,4500,5800,6600,7800,8400,8600,10432,0,2500.0,2553.9813149264055,265.25213196873665,8611.9125187397,5035.0
1664900963,500,,Aggregated,147.900000,0.000000,2500,3100,3400,3600,4000,4500,5800,6600,7800,8400,8600,10576,0,2500.0,2551.657107836213,265.25213196873665,8611.9125187397,5035.0
1664900964,500,,Aggregated,147.300000,0.000000,2500,3100,3400,3600,4000,4500,5700,6600,7800,8400,8600,10721,0,2500.0,2549.583172500856,265.25213196873665,8611.9125187397,5035.0
1664900965,500,,Aggregated,147.400000,0.000000,2500,3100,3400,3600,4000,4500,5700,6600,7800,8400,8600,10874,0,2500.0,2546.64309106045,265.25213196873665,8611.9125187397,5035.0
1664900966,500,,Aggregated,147.300000,0.000000,2500,3100,3400,3600,4000,4500,5700,6500,7800,8400,8600,11024,0,2500.0,2543.864684361567,265.25213196873665,8611.9125187397,5035.0
1664900967,500,,Aggregated,147.300000,0.000000,2500,3100,3400,3600,4000,4500,5700,6500,7800,8400,8600,11175,0,2500.0,2541.5722738206387,265.25213196873665,8611.9125187397,5035.0
1664900968,500,,Aggregated,147.800000,0.000000,2500,3100,3400,3600,4000,4500,5700,6500,7800,8400,8600,11326,0,2500.0,2539.4695557541413,265.25213196873665,8611.9125187397,5035.0
1664900969,500,,Aggregated,148.400000,0.000000,2500,3100,3400,3600,4000,4500,5700,6500,7800,8400,8600,11476,0,2500.0,2537.0836950138696,265.25213196873665,8611.9125187397,5035.0
1664900970,500,,Aggregated,147.900000,0.000000,2500,3100,3400,3600,4000,4500,5600,6500,7800,8400,8600,11627,0,2500.0,2534.4280196946374,265.25213196873665,8611.9125187397,5035.0
1664900971,500,,Aggregated,148.500000,0.000000,2500,3100,3400,3600,4000,4400,5600,6500,7800,8400,8600,11775,0,2500.0,2531.5132174557057,265.25213196873665,8611.9125187397,5035.0
1664900972,500,,Aggregated,149.000000,0.000000,2500,3100,3400,3500,4000,4400,5600,6400,7800,8400,8600,11923,0,2500.0,2529.4628101898993,265.25213196873665,8611.9125187397,5035.0
1664900973,500,,Aggregated,149.200000,0.000000,2500,3000,3400,3500,4000,4400,5600,6400,7800,8400,8600,12073,0,2500.0,2527.730232810807,265.25213196873665,8611.9125187397,5035.0
1664900974,500,,Aggregated,148.800000,0.000000,2500,3000,3400,3500,4000,4400,5600,6400,7800,8400,8600,12225,0,2500.0,2525.9431305978683,265.25213196873665,8611.9125187397,5035.0
1664900975,500,,Aggregated,149.500000,0.000000,2500,3000,3300,3500,4000,4400,5600,6400,7800,8400,8600,12372,0,2500.0,2523.364448940669,265.25213196873665,8611.9125187397,5035.0
1664900976,500,,Aggregated,150.000000,0.000000,2500,3000,3300,3500,4000,4400,5500,6400,7800,8400,8600,12520,0,2500.0,2521.688215889203,265.25213196873665,8611.9125187397,5035.0
1664900977,500,,Aggregated,149.700000,0.000000,2500,3000,3300,3500,4000,4400,5500,6400,7800,8400,8600,12674,0,2500.0,2519.7501636527777,265.25213196873665,8611.9125187397,5035.0
1664900978,500,,Aggregated,149.100000,0.000000,2500,3000,3300,3500,4000,4400,5500,6400,7800,8400,8600,12821,0,2500.0,2517.6516642475704,265.25213196873665,8611.9125187397,5035.0
1664900980,500,,Aggregated,149.400000,0.000000,2500,3000,3300,3500,3900,4400,5500,6400,7800,8400,8600,12953,0,2500.0,2516.1178874853176,265.25213196873665,8611.9125187397,5035.0
1664900981,500,,Aggregated,149.700000,0.000000,2500,3000,3300,3500,4000,4400,5400,6400,7800,8400,8600,13309,0,2500.0,2530.6326218967693,265.25213196873665,8611.9125187397,5035.0
1664900982,500,,Aggregated,149.700000,0.000000,2500,3000,3300,3500,4000,4400,5400,6400,7800,8400,8600,13350,0,2500.0,2526.746531895986,265.25213196873665,8611.9125187397,5035.0
1664900983,500,,Aggregated,150.500000,0.000000,2500,3000,3300,3500,4000,4400,5400,6300,7800,8400,8600,13467,0,2500.0,2521.680817606632,265.25213196873665,8611.9125187397,5035.0
1664900984,500,,Aggregated,146.700000,0.000000,2500,3000,3300,3500,4000,4400,5400,6300,7800,8400,8600,13497,0,2500.0,2520.700774489873,265.25213196873665,8611.9125187397,5035.0
1664900985,500,,Aggregated,142.600000,0.000000,2500,3000,3300,3500,3900,4400,5400,6300,7800,8400,8600,13619,0,2500.0,2523.398963874695,265.25213196873665,8611.9125187397,5035.0
1664900986,500,,Aggregated,129.300000,0.000000,2500,3000,3300,3500,4000,4400,5400,6300,7800,8400,8600,13748,0,2500.0,2532.6869689374685,265.25213196873665,8611.9125187397,5035.0
1664900987,500,,Aggregated,121.500000,0.000000,2500,3000,3300,3500,4000,4400,5400,6300,7800,8400,8600,13882,0,2500.0,2546.9931955943725,265.25213196873665,8611.9125187397,5035.0
1664900988,500,,Aggregated,119.700000,0.000000,2500,3100,3400,3500,4000,4500,5600,6300,7700,8400,8600,14021,0,2500.0,2560.543409846343,265.25213196873665,8611.9125187397,5035.0
1664900989,500,,Aggregated,117.800000,0.000000,2500,3100,3400,3500,4000,4500,5600,6300,7700,8400,8600,14160,0,2500.0,2563.1381515403,265.25213196873665,8611.9125187397,5035.0
1664900990,500,,Aggregated,116.600000,0.000000,2500,3100,3400,3500,4000,4500,5600,6300,7700,8400,8600,14305,0,2500.0,2563.0174230999023,265.25213196873665,8611.9125187397,5035.0
1664900991,500,,Aggregated,115.400000,0.000000,2500,3000,3400,3500,4000,4500,5600,6300,7700,8400,8600,14450,0,2500.0,2561.6043371436504,265.25213196873665,8611.9125187397,5035.0
1664900992,500,,Aggregated,127.300000,0.000000,2500,3000,3400,3500,4000,4500,5600,6300,7700,8400,8600,14594,0,2500.0,2560.313358999165,265.25213196873665,8611.9125187397,5035.0
1664900993,500,,Aggregated,112.700000,0.000000,2500,3000,3400,3500,4000,4500,5500,6300,7700,8400,8600,14739,0,2500.0,2558.702310560755,265.25213196873665,8611.9125187397,5035.0
1664900994,500,,Aggregated,116.500000,0.000000,2500,3000,3400,3500,4000,4500,5500,6300,7700,8400,8600,14881,0,2500.0,2557.1935165796913,265.25213196873665,8611.9125187397,5035.0
1664900995,500,,Aggregated,120.000000,0.000000,2500,3000,3400,3500,4000,4500,5500,6300,7700,8400,8600,15027,0,2500.0,2556.1630957055677,265.25213196873665,8611.9125187397,5035.0
1664900996,500,,Aggregated,132.800000,0.000000,2500,3000,3400,3500,4000,4500,5500,6300,7700,8400,8600,15174,0,2500.0,2555.305833199015,265.25213196873665,8611.9125187397,5035.0
1664900997,500,,Aggregated,139.900000,0.000000,2500,3000,3400,3500,4000,4500,5500,6200,7700,8400,8600,15315,0,2500.0,2554.757037666881,265.25213196873665,8611.9125187397,5035.0
1664900998,500,,Aggregated,141.700000,0.000000,2500,3000,3400,3500,4000,4500,5500,6200,7700,8400,8600,15461,0,2500.0,2554.5025589792085,265.25213196873665,8611.9125187397,5035.0
1664900999,500,,Aggregated,142.900000,0.000000,2500,3000,3400,3500,4000,4500,5400,6200,7700,8400,8600,15606,0,2500.0,2553.5691087356777,265.25213196873665,8611.9125187397,5035.0
1664901000,500,,Aggregated,143.500000,0.000000,2500,3000,3300,3500,4000,4500,5400,6200,7700,8400,8600,15750,0,2500.0,2552.8820178891933,265.25213196873665,8611.9125187397,5035.0
1664901001,500,,Aggregated,143.600000,0.000000,2500,3000,3300,3500,4000,4500,5400,6200,7700,8400,8600,15897,0,2500.0,2551.46505126894,265.25213196873665,8611.9125187397,5035.0
1664901002,500,,Aggregated,144.500000,0.000000,2500,3000,3300,3500,4000,4500,5400,6200,7700,8400,8600,16044,0,2500.0,2550.6925089349793,265.25213196873665,8611.9125187397,5035.0
1664901003,500,,Aggregated,144.200000,0.000000,2500,3000,3300,3500,4000,4500,5400,6200,7700,8400,8600,16187,0,2500.0,2549.4114801289033,265.25213196873665,8611.9125187397,5035.0
1664901004,500,,Aggregated,144.600000,0.000000,2500,3000,3300,3500,4000,4500,5400,6200,7700,8400,8600,16330,0,2500.0,2548.2965065115027,265.25213196873665,8611.9125187397,5035.0
1664901005,500,,Aggregated,144.600000,0.000000,2500,3000,3300,3500,4000,4500,5400,6200,7700,8400,8600,16477,0,2500.0,2547.526328660828,265.25213196873665,8611.9125187397,5035.0
1664901006,500,,Aggregated,144.200000,0.000000,2500,3000,3300,3500,4000,4500,5400,6200,7700,8400,8600,16623,0,2500.0,2546.3765037671233,265.25213196873665,8611.9125187397,5035.0
1664901007,500,,Aggregated,144.900000,0.000000,2500,3000,3300,3500,4000,4500,5300,6200,7700,8400,8600,16774,0,2500.0,2545.432528726738,265.25213196873665,8611.9125187397,5035.0
1664901008,500,,Aggregated,144.600000,0.000000,2500,3000,3300,3500,4000,4500,5300,6100,7700,8400,8600,16923,0,2500.0,2544.1951845280405,265.25213196873665,8611.9125187397,5035.0
1664901009,500,,Aggregated,145.000000,0.000000,2500,3000,3300,3500,4000,4500,5300,6100,7700,8400,8600,17069,0,2500.0,2542.484030746916,265.25213196873665,8611.9125187397,5035.0
1664901010,500,,Aggregated,145.300000,0.000000,2500,3000,3300,3500,4000,4500,5300,6100,7700,8400,8600,17215,0,2500.0,2541.522288731008,265.25213196873665,8611.9125187397,5035.0
1664901011,500,,Aggregated,146.300000,0.000000,2500,3000,3300,3500,4000,4500,5300,6100,7700,8400,8600,17362,0,2500.0,2540.3890529997857,265.25213196873665,8611.9125187397,5035.0
1664901012,500,,Aggregated,146.000000,0.000000,2500,3000,3300,3500,4000,4500,5300,6100,7700,8400,8600,17510,0,2500.0,2539.4007190459884,265.25213196873665,8611.9125187397,5035.0
1664901013,500,,Aggregated,146.700000,0.000000,2500,3000,3400,3500,4000,4500,5300,6100,7700,8400,8600,17658,0,2500.0,2538.715359542731,265.25213196873665,8611.9125187397,5035.0
1664901014,500,,Aggregated,145.700000,0.000000,2500,3000,3400,3500,4000,4500,5300,6100,7700,8400,8600,17805,0,2500.0,2537.8669939757365,265.25213196873665,8611.9125187397,5035.0
1664901015,500,,Aggregated,145.900000,0.000000,2500,3000,3400,3500,4000,4500,5300,6100,7700,8400,8600,17945,0,2500.0,2537.188112754432,265.25213196873665,8611.9125187397,5035.0
1664901016,500,,Aggregated,146.600000,0.000000,2500,3000,3400,3500,4000,4500,5300,6100,7700,8400,8600,18099,0,2500.0,2536.0877780423134,265.25213196873665,8611.9125187397,5035.0
1664901017,500,,Aggregated,146.600000,0.000000,2500,3000,3400,3500,4000,4400,5200,6100,7700,8400,8600,18250,0,2500.0,2534.815401917655,265.25213196873665,8611.9125187397,5035.0
1664901018,500,,Aggregated,146.600000,0.000000,2500,3000,3400,3500,4000,4400,5200,6100,7700,8400,8600,18396,0,2500.0,2534.056867969978,265.25213196873665,8611.9125187397,5035.0
1664901019,500,,Aggregated,147.300000,0.000000,2500,3000,3400,3500,4000,4400,5200,6000,7700,8400,8600,18545,0,2500.0,2532.831353552983,265.25213196873665,8611.9125187397,5035.0
1664901020,500,,Aggregated,147.600000,0.000000,2500,3000,3300,3500,4000,4400,5200,6000,7700,8400,8600,18691,0,2500.0,2530.999281182012,265.25213196873665,8611.9125187397,5035.0
1664901021,500,,Aggregated,146.900000,0.000000,2500,3000,3300,3500,4000,4400,5200,6000,7700,8400,8600,18842,0,2500.0,2528.6753112905967,265.25213196873665,8611.9125187397,5035.0
1664901022,500,,Aggregated,147.300000,0.000000,2500,3000,3300,3500,4000,4400,5200,6000,7700,8400,8600,18990,0,2500.0,2527.4219396882636,265.25213196873665,8611.9125187397,5035.0
1664901023,500,,Aggregated,147.100000,0.000000,2500,3000,3300,3500,4000,4400,5200,6000,7600,8400,8600,19137,0,2500.0,2526.236938663727,265.25213196873665,8611.9125187397,5035.0
1664901024,500,,Aggregated,148.200000,0.000000,2500,3000,3300,3500,4000,4400,5200,6000,7600,8400,8600,19283,0,2500.0,2525.298367267911,265.25213196873665,8611.9125187397,5035.0
1664901025,500,,Aggregated,147.900000,0.000000,2500,3000,3400,3500,4000,4400,5200,6000,7600,8400,8600,19433,0,2500.0,2524.1657200866593,265.25213196873665,8611.9125187397,5035.0
1664901026,500,,Aggregated,148.000000,0.000000,2500,3000,3400,3500,4000,4400,5200,6000,7600,8400,8600,19583,0,2500.0,2523.374722996698,265.25213196873665,8611.9125187397,5035.0
1664901027,500,,Aggregated,147.600000,0.000000,2500,3000,3400,3500,4000,4400,5100,6000,7600,8400,8600,19733,0,2500.0,2522.581904997443,265.25213196873665,8611.9125187397,5035.0
1664901028,500,,Aggregated,148.400000,0.000000,2500,3000,3400,3500,4000,4400,5100,6000,7600,8400,8600,19885,0,2500.0,2521.0874418258995,265.25213196873665,8611.9125187397,5035.0
1664901029,500,,Aggregated,147.900000,0.000000,2500,3000,3400,3500,4000,4400,5100,5900,7600,8300,8600,20032,0,2500.0,2519.653455655912,265.25213196873665,8611.9125187397,5035.0
1664901030,500,,Aggregated,148.300000,0.000000,2500,3000,3400,3500,4000,4400,5100,5900,7600,8300,8600,20181,0,2500.0,2518.3678707876275,265.25213196873665,8611.9125187397,5035.0
1664901031,500,,Aggregated,148.700000,0.000000,2500,3000,3300,3500,4000,4400,5100,5900,7600,8300,8600,20326,0,2500.0,2516.939929758056,265.25213196873665,8611.9125187397,5035.0
1664901032,500,,Aggregated,148.400000,0.000000,2500,3000,3400,3500,4000,4400,5100,5900,7600,8300,8600,20477,0,2500.0,2515.939287053764,265.25213196873665,8611.9125187397,5035.0
1664901033,500,,Aggregated,148.300000,0.000000,2500,3000,3400,3500,4000,4400,5100,5900,7600,8300,8600,20623,0,2500.0,2514.8792979408854,265.25213196873665,8611.9125187397,5035.0
1664901034,500,,Aggregated,148.500000,0.000000,2500,3000,3400,3500,4000,4400,5100,5900,7600,8300,8600,20773,0,2500.0,2513.6064262351874,265.25213196873665,8611.9125187397,5035.0
1664901035,500,,Aggregated,148.500000,0.000000,2500,3000,3400,3500,4000,4400,5100,5900,7600,8300,8600,20920,0,2500.0,2512.332582817614,265.25213196873665,8611.9125187397,5035.0
1664901036,500,,Aggregated,148.600000,0.000000,2500,3000,3400,3500,4000,4400,5100,5900,7600,8300,8600,21071,0,2500.0,2511.9750803605853,265.25213196873665,8611.9125187397,5035.0
1664901037,500,,Aggregated,149.200000,0.000000,2500,3000,3400,3500,4000,4400,5100,5900,7600,8300,8600,21221,0,2500.0,2511.669989984247,265.25213196873665,8611.9125187397,5035.0
1664901038,500,,Aggregated,148.300000,0.000000,2500,3000,3400,3500,4000,4400,5000,5900,7600,8300,8600,21360,0,2500.0,2511.535151973053,265.25213196873665,8611.9125187397,5035.0
1664901039,500,,Aggregated,148.300000,0.000000,2500,3000,3400,3500,4000,4400,5000,5900,7600,8300,8600,21517,0,2500.0,2510.8873755312484,265.25213196873665,8611.9125187397,5035.0
1664901040,500,,Aggregated,147.600000,0.000000,2500,3000,3400,3500,4000,4400,5000,5900,7600,8300,8600,21663,0,2500.0,2510.068844703935,265.25213196873665,8611.9125187397,5035.0
1664901041,500,,Aggregated,148.100000,0.000000,2500,3000,3400,3500,4000,4400,5000,5900,7600,8300,8600,21810,0,2500.0,2508.5451712912986,265.25213196873665,8611.9125187397,5035.0
1664901042,500,,Aggregated,148.000000,0.000000,2500,3000,3400,3500,4000,4400,5000,5900,7600,8300,8600,21956,0,2500.0,2508.051395170746,265.25213196873665,8611.9125187397,5035.0
1664901043,500,,Aggregated,148.100000,0.000000,2500,3000,3400,3500,4000,4400,5000,5800,7600,8300,8600,22104,0,2500.0,2507.196401878571,265.25213196873665,8611.9125187397,5035.0
1664901044,500,,Aggregated,147.700000,0.000000,2500,3000,3400,3500,4000,4400,5000,5800,7600,8300,8600,22251,0,2500.0,2506.397790379943,265.25213196873665,8611.9125187397,5035.0
1664901045,500,,Aggregated,147.600000,0.000000,2500,3000,3400,3500,4000,4400,5000,5800,7600,8300,8600,22398,0,2500.0,2505.56461918337,265.25213196873665,8611.9125187397,5035.0
1664901046,500,,Aggregated,147.200000,0.000000,2500,3000,3400,3500,4000,4400,5000,5800,7600,8300,8600,22549,0,2500.0,2504.94406866167,265.25213196873665,8611.9125187397,5035.0
1664901047,500,,Aggregated,147.000000,0.000000,2500,3000,3400,3500,4000,4400,5000,5800,7600,8300,8600,22696,0,2500.0,2504.056219392839,265.25213196873665,8611.9125187397,5035.0
1664901048,500,,Aggregated,147.600000,0.000000,2500,3000,3400,3500,4000,4400,5000,5800,7600,8300,8600,22846,0,2500.0,2503.157700727906,265.25213196873665,8611.9125187397,5035.0
1664901049,500,,Aggregated,147.700000,0.000000,2500,3000,3400,3500,4000,4400,5000,5800,7600,8300,8600,22997,0,2500.0,2502.3525472415004,265.25213196873665,8611.9125187397,5035.0
1664901050,500,,Aggregated,148.100000,0.000000,2500,3000,3400,3500,4000,4400,5000,5800,7500,8300,8600,23143,0,2500.0,2501.8486745793325,265.25213196873665,8611.9125187397,5035.0
1664901051,500,,Aggregated,147.500000,0.000000,2500,3000,3400,3500,4000,4400,5000,5800,7500,8300,8600,23289,0,2500.0,2501.063532773478,265.25213196873665,8611.9125187397,5035.0
1664901052,500,,Aggregated,147.800000,0.000000,2500,3000,3400,3500,4000,4400,5000,5800,7500,8300,8600,23438,0,2500.0,2499.8307596739214,265.25213196873665,8611.9125187397,5035.0
1664901053,500,,Aggregated,147.600000,0.000000,2500,3000,3400,3500,4000,4400,5000,5800,7500,8300,8600,23590,0,2500.0,2499.133384562855,265.25213196873665,8611.9125187397,5035.0
1664901054,500,,Aggregated,147.600000,0.000000,2500,3000,3400,3500,4000,4400,5000,5800,7500,8300,8600,23740,0,2500.0,2498.556530059934,265.25213196873665,8611.9125187397,5035.0
1664901055,500,,Aggregated,147.900000,0.000000,2500,3000,3400,3500,4000,4400,5000,5800,7500,8300,8600,23891,0,2500.0,2498.091252283747,265.25213196873665,8611.9125187397,5035.0
1664901056,500,,Aggregated,148.300000,0.000000,2500,3000,3400,3500,4000,4400,5000,5700,7500,8300,8600,24036,0,2500.0,2497.4235332344533,265.25213196873665,8611.9125187397,5035.0
1664901057,500,,Aggregated,148.700000,0.000000,2500,3000,3400,3500,4000,4300,4900,5700,7500,8300,8600,24189,0,2500.0,2496.606396818211,265.25213196873665,8611.9125187397,5035.0
1664901058,500,,Aggregated,148.600000,0.000000,2500,3000,3300,3500,4000,4300,4900,5700,7500,8300,8600,24334,0,2500.0,2495.7870866508124,265.25213196873665,8611.9125187397,5035.0
1664901059,500,,Aggregated,148.300000,0.000000,2500,3000,3300,3500,4000,4300,4900,5700,7500,8300,8600,24480,0,2500.0,2495.1673648202964,265.25213196873665,8611.9125187397,5035.0
1664901060,500,,Aggregated,147.800000,0.000000,2500,3000,3300,3500,4000,4300,4900,5700,7500,8300,8600,24630,0,2500.0,2494.1293230305237,265.25213196873665,8611.9125187397,5035.0
1664901061,500,,Aggregated,148.200000,0.000000,2500,3000,3300,3500,4000,4300,4900,5700,7500,8300,8600,24777,0,2500.0,2493.1577442321923,265.25213196873665,8611.9125187397,5035.0
1664901062,500,,Aggregated,148.500000,0.000000,2500,3000,3300,3500,4000,4300,4900,5700,7500,8300,8600,24928,0,2500.0,2492.508504531658,265.25213196873665,8611.9125187397,5035.0
1664901063,500,,Aggregated,148.300000,0.000000,2500,3000,3300,3500,4000,4300,4900,5700,7500,8300,8600,25074,0,2500.0,2492.0740142361233,265.25213196873665,8611.9125187397,5035.0
1664901064,500,,Aggregated,148.800000,0.000000,2500,3000,3300,3500,4000,4300,4900,5700,7500,8300,8600,25221,0,2500.0,2491.538905380536,265.25213196873665,8611.9125187397,5035.0
1664901065,500,,Aggregated,148.100000,0.000000,2500,3000,3300,3500,4000,4300,4900,5700,7500,8300,8600,25369,0,2500.0,2491.0177364697247,265.25213196873665,8611.9125187397,5035.0
1664901066,500,,Aggregated,148.100000,0.000000,2500,3000,3300,3500,4000,4300,4900,5700,7500,8300,8600,25512,0,2500.0,2490.40320887563,265.25213196873665,8611.9125187397,5035.0
1664901067,500,,Aggregated,147.700000,0.000000,2500,3000,3300,3500,4000,4300,4900,5700,7500,8300,8600,25666,0,2500.0,2489.4503453348884,265.25213196873665,8611.9125187397,5035.0
1664901068,500,,Aggregated,147.800000,0.000000,2500,3000,3300,3500,4000,4300,4900,5700,7500,8300,8600,25813,0,2500.0,2488.7329171200736,265.25213196873665,8611.9125187397,5035.0
1664901069,500,,Aggregated,148.000000,0.000000,2500,3000,3300,3500,4000,4300,4900,5700,7500,8300,8600,25961,0,2500.0,2488.4069949357795,265.25213196873665,8611.9125187397,5035.0
1664901070,500,,Aggregated,148.100000,0.000000,2500,3000,3300,3500,4000,4300,4900,5700,7500,8300,8600,26112,0,2500.0,2488.4506095899555,265.25213196873665,8611.9125187397,5035.0
1664901071,500,,Aggregated,147.400000,0.000000,2500,3000,3300,3500,4000,4300,4900,5700,7500,8300,8600,26258,0,2500.0,2487.901619536708,265.25213196873665,8611.9125187397,5035.0
1664901072,500,,Aggregated,147.100000,0.000000,2500,3000,3300,3500,4000,4300,4900,5600,7500,8300,8600,26409,0,2500.0,2487.2373722083444,265.25213196873665,8611.9125187397,5035.0
1664901073,500,,Aggregated,147.700000,0.000000,2400,3000,3300,3500,4000,4300,4900,5600,7500,8300,8600,26557,0,2400.0,2486.6038848353055,265.25213196873665,8611.9125187397,5035.0
1664901074,500,,Aggregated,147.600000,0.000000,2400,3000,3300,3500,3900,4300,4900,5600,7500,8300,8600,26705,0,2400.0,2486.149671342607,265.25213196873665,8611.9125187397,5035.0
1664901075,500,,Aggregated,148.100000,0.000000,2400,3000,3300,3500,3900,4300,4900,5600,7500,8300,8600,26853,0,2400.0,2485.6276262363012,265.25213196873665,8611.9125187397,5035.0
1664901076,500,,Aggregated,148.000000,0.000000,2400,3000,3300,3500,3900,4300,4900,5600,7500,8300,8600,27006,0,2400.0,2484.7330345174846,265.25213196873665,8611.9125187397,5035.0
1664901077,500,,Aggregated,148.100000,0.000000,2400,3000,3300,3500,3900,4300,4900,5600,7500,8300,8600,27151,0,2400.0,2484.435308053565,265.25213196873665,8611.9125187397,5035.0
1664901078,500,,Aggregated,147.900000,0.000000,2400,3000,3300,3500,3900,4300,4900,5600,7500,8300,8600,27300,0,2400.0,2483.7287381206784,265.25213196873665,8611.9125187397,5035.0
1664901079,500,,Aggregated,147.700000,0.000000,2400,3000,3300,3500,3900,4300,4900,5600,7500,8300,8600,27451,0,2400.0,2483.3065262187492,265.25213196873665,8611.9125187397,5035.0
1664901080,500,,Aggregated,148.500000,0.000000,2400,3000,3300,3500,3900,4300,4800,5600,7500,8300,8600,27601,0,2400.0,2482.5307019570473,265.25213196873665,8611.9125187397,5035.0
1664901081,500,,Aggregated,148.700000,0.000000,2400,3000,3300,3500,3900,4300,4800,5600,7500,8300,8600,27748,0,2400.0,2482.2918329553304,265.25213196873665,8611.9125187397,5035.0
1664901082,500,,Aggregated,148.500000,0.000000,2400,3000,3300,3500,3900,4300,4800,5600,7500,8300,8600,27897,0,2400.0,2481.535000414437,265.25213196873665,8611.9125187397,5035.0
1664901083,500,,Aggregated,149.000000,0.000000,2400,3000,3300,3500,3900,4300,4800,5600,7500,8300,8600,28045,0,2400.0,2480.817108733633,265.25213196873665,8611.9125187397,5035.0
1664901084,500,,Aggregated,148.500000,0.000000,2400,3000,3300,3500,3900,4300,4800,5600,7500,8300,8600,28193,0,2400.0,2479.840981324409,265.25213196873665,8611.9125187397,5035.0
1664901085,500,,Aggregated,148.800000,0.000000,2400,3000,3300,3500,3900,4300,4800,5600,7500,8300,8600,28343,0,2400.0,2479.214642151811,265.25213196873665,8611.9125187397,5035.0
1664901086,500,,Aggregated,148.300000,0.000000,2400,3000,3300,3500,3900,4300,4800,5600,7500,8300,8600,28489,0,2400.0,2478.965163710794,265.25213196873665,8611.9125187397,5035.0
1664901087,500,,Aggregated,148.400000,0.000000,2400,3000,3300,3500,3900,4300,4800,5600,7500,8300,8600,28638,0,2400.0,2478.230289849252,265.25213196873665,8611.9125187397,5035.0
1664901088,500,,Aggregated,148.500000,0.000000,2400,3000,3300,3500,3900,4300,4800,5600,7500,8300,8600,28786,0,2400.0,2477.389307903073,265.25213196873665,8611.9125187397,5035.0
1664901089,500,,Aggregated,148.700000,0.000000,2400,3000,3300,3500,3900,4300,4800,5600,7500,8300,8600,28937,0,2400.0,2476.8027250374703,265.25213196873665,8611.9125187397,5035.0
1664901090,500,,Aggregated,148.000000,0.000000,2400,3000,3300,3500,3900,4300,4800,5600,7500,8300,8600,29086,0,2400.0,2476.463911211884,265.25213196873665,8611.9125187397,5035.0
1664901091,500,,Aggregated,148.000000,0.000000,2400,3000,3300,3500,3900,4300,4800,5500,7500,8300,8600,29233,0,2400.0,2475.729651705424,265.25213196873665,8611.9125187397,5035.0
1664901092,500,,Aggregated,148.600000,0.000000,2400,3000,3300,3500,3900,4300,4800,5500,7500,8300,8600,29382,0,2400.0,2475.3059527342457,265.25213196873665,8611.9125187397,5035.0
1664901093,500,,Aggregated,147.800000,0.000000,2400,3000,3300,3500,3900,4300,4800,5500,7500,8300,8600,29529,0,2400.0,2475.011527662186,265.25213196873665,8611.9125187397,5035.0
1664901094,500,,Aggregated,147.900000,0.000000,2400,3000,3300,3500,3900,4300,4800,5500,7500,8300,8600,29680,0,2400.0,2474.4159794579487,265.25213196873665,8611.9125187397,5035.0
1664901095,500,,Aggregated,148.000000,0.000000,2400,3000,3300,3500,3900,4200,4800,5500,7500,8300,8600,29832,0,2400.0,2473.608355163618,265.25213196873665,8611.9125187397,5035.0
1664901096,500,,Aggregated,148.700000,0.000000,2400,3000,3300,3500,3900,4200,4800,5500,7500,8300,8600,29986,0,2400.0,2472.9614864016344,265.25213196873665,8611.9125187397,5035.0
1664901097,500,,Aggregated,148.500000,0.000000,2400,3000,3300,3500,3900,4200,4800,5500,7400,8100,8600,30131,0,2400.0,2472.4800487379557,265.25213196873665,8611.9125187397,5035.0
1664901098,500,,Aggregated,148.800000,0.000000,2400,3000,3300,3500,3900,4200,4800,5500,7400,8100,8600,30282,0,2400.0,2471.728804396213,265.25213196873665,8611.9125187397,5035.0
1664901099,500,,Aggregated,149.100000,0.000000,2400,3000,3300,3500,3900,4200,4800,5500,7400,8100,8600,30430,0,2400.0,2471.4570239907353,265.25213196873665,8611.9125187397,5035.0
1664901100,500,,Aggregated,149.100000,0.000000,2400,3000,3300,3500,3900,4200,4800,5500,7400,8100,8600,30581,0,2400.0,2470.544918236878,265.25213196873665,8611.9125187397,5035.0
1664901101,500,,Aggregated,149.700000,0.000000,2400,3000,3300,3500,3900,4200,4800,5500,7400,8100,8600,30729,0,2400.0,2470.257867467102,265.25213196873665,8611.9125187397,5035.0
1664901102,500,,Aggregated,148.900000,0.000000,2400,3000,3300,3500,3900,4200,4800,5500,7400,8100,8600,30881,0,2400.0,2469.699296673383,265.25213196873665,8611.9125187397,5035.0
1664901103,500,,Aggregated,149.400000,0.000000,2400,3000,3300,3500,3900,4200,4800,5500,7300,8100,8600,31030,0,2400.0,2469.0820425401866,265.25213196873665,8611.9125187397,5035.0
1664901104,500,,Aggregated,149.600000,0.000000,2400,3000,3300,3500,3900,4200,4800,5400,7300,8100,8600,31183,0,2400.0,2468.5934640229907,265.25213196873665,8611.9125187397,5035.0
1664901105,500,,Aggregated,149.600000,0.000000,2400,3000,3300,3400,3900,4200,4800,5400,7300,8100,8600,31328,0,2400.0,2468.0692290722423,265.25213196873665,8611.9125187397,5035.0
1664901106,500,,Aggregated,149.400000,0.000000,2400,3000,3300,3400,3900,4200,4800,5400,7300,8100,8600,31480,0,2400.0,2467.418847578368,265.25213196873665,8611.9125187397,5035.0
1664901107,500,,Aggregated,149.800000,0.000000,2400,3000,3300,3400,3900,4200,4700,5400,7300,8100,8600,31625,0,2400.0,2466.645509097416,265.25213196873665,8611.9125187397,5035.0
1664901108,500,,Aggregated,149.300000,0.000000,2400,3000,3300,3400,3900,4200,4700,5400,7300,8100,8600,31778,0,2400.0,2466.4557702590614,265.25213196873665,8611.9125187397,5035.0
1664901109,500,,Aggregated,148.900000,0.000000,2400,3000,3300,3400,3900,4200,4700,5400,7300,8100,8600,31924,0,2400.0,2465.9857904433957,265.25213196873665,8611.9125187397,5035.0
1664901110,500,,Aggregated,149.000000,0.000000,2400,2900,3300,3400,3900,4200,4700,5400,7300,8100,8600,32076,0,2400.0,2465.5955124814595,265.25213196873665,8611.9125187397,5035.0
1664901111,500,,Aggregated,148.700000,0.000000,2400,2900,3300,3400,3900,4200,4700,5400,7300,8100,8600,32225,0,2400.0,2464.731472584284,265.25213196873665,8611.9125187397,5035.0
1664901112,500,,Aggregated,149.200000,0.000000,2400,2900,3300,3400,3900,4200,4700,5400,7300,8100,8600,32373,0,2400.0,2464.4457415042943,265.25213196873665,8611.9125187397,5035.0
1664901113,500,,Aggregated,149.300000,0.000000,2400,2900,3300,3400,3900,4200,4700,5400,7300,8100,8600,32524,0,2400.0,2463.8115389567165,265.25213196873665,8611.9125187397,5035.0
1664901114,500,,Aggregated,148.900000,0.000000,2400,2900,3200,3400,3900,4200,4700,5400,7300,8100,8600,32674,0,2400.0,2463.327720348911,265.25213196873665,8611.9125187397,5035.0
1664901115,500,,Aggregated,148.500000,0.000000,2400,2900,3200,3400,3900,4200,4700,5400,7300,8100,8600,32819,0,2400.0,2463.000767280419,265.25213196873665,8611.9125187397,5035.0
1664901116,500,,Aggregated,148.900000,0.000000,2400,2900,3200,3400,3900,4200,4700,5400,7300,8100,8600,32970,0,2400.0,2462.5896425032465,265.25213196873665,8611.9125187397,5035.0
1664901117,500,,Aggregated,148.600000,0.000000,2400,2900,3200,3400,3900,4200,4700,5400,7300,8100,8600,33118,0,2400.0,2462.087041402841,265.25213196873665,8611.9125187397,5035.0
1664901118,500,,Aggregated,148.700000,0.000000,2400,2900,3200,3400,3900,4200,4700,5400,7300,8100,8600,33269,0,2400.0,2461.7668293873803,265.25213196873665,8611.9125187397,5035.0
1664901119,500,,Aggregated,148.700000,0.000000,2400,2900,3200,3400,3800,4200,4700,5400,7300,8100,8600,33418,0,2400.0,2461.2314169937176,265.25213196873665,8611.9125187397,5035.0
1664901120,500,,Aggregated,149.100000,0.000000,2400,2900,3200,3400,3800,4200,4700,5400,7300,8100,8600,33576,0,2400.0,2460.664350122714,265.25213196873665,8611.9125187397,5035.0
1664901121,500,,Aggregated,148.800000,0.000000,2400,2900,3200,3400,3800,4200,4700,5300,7300,8100,8600,33722,0,2400.0,2460.0958748235676,265.25213196873665,8611.9125187397,5035.0
1664901122,500,,Aggregated,148.900000,0.000000,2400,2900,3200,3400,3800,4200,4700,5300,7300,8100,8600,33868,0,2400.0,2459.411790489634,265.25213196873665,8611.9125187397,5035.0
1664901123,500,,Aggregated,148.900000,0.000000,2400,2900,3200,3400,3800,4200,4700,5300,7300,8100,8600,34020,0,2400.0,2458.9713329548945,265.25213196873665,8611.9125187397,5035.0
1664901124,500,,Aggregated,149.000000,0.000000,2400,2900,3200,3400,3800,4200,4700,5300,7300,8100,8600,34162,0,2400.0,2459.0002590426498,265.25213196873665,8611.9125187397,5035.0
1664901125,500,,Aggregated,149.200000,0.000000,2400,2900,3200,3400,3800,4200,4700,5300,7300,8100,8600,34310,0,2400.0,2458.568559706437,265.25213196873665,8611.9125187397,5035.0
1664901126,500,,Aggregated,148.600000,0.000000,2400,2900,3200,3400,3800,4200,4700,5300,7300,8100,8600,34462,0,2400.0,2458.0226419830283,265.25213196873665,8611.9125187397,5035.0
1664901127,500,,Aggregated,148.700000,0.000000,2400,2900,3200,3400,3800,4200,4700,5300,7300,8100,8600,34610,0,2400.0,2457.563118981582,265.25213196873665,8611.9125187397,5035.0
1664901128,500,,Aggregated,148.800000,0.000000,2400,2900,3200,3400,3800,4200,4700,5300,7300,8100,8600,34757,0,2400.0,2457.3435080101967,265.25213196873665,8611.9125187397,5035.0
1664901129,500,,Aggregated,148.900000,0.000000,2400,2900,3200,3400,3800,4200,4700,5300,7300,8100,8600,34904,0,2400.0,2456.864603516013,265.25213196873665,8611.9125187397,5035.0
1664901130,500,,Aggregated,148.300000,0.000000,2400,2900,3200,3400,3800,4200,4700,5300,7300,8100,8600,35058,0,2400.0,2456.6220635490536,265.25213196873665,8611.9125187397,5035.0
1664901131,500,,Aggregated,148.300000,0.000000,2400,2900,3200,3400,3800,4200,4700,5300,7300,8100,8600,35200,0,2400.0,2456.223473145669,265.25213196873665,8611.9125187397,5035.0
1664901132,500,,Aggregated,148.400000,0.000000,2400,2900,3200,3400,3800,4200,4700,5300,7300,8100,8600,35348,0,2400.0,2456.134501856448,265.25213196873665,8611.9125187397,5035.0
1664901133,500,,Aggregated,147.900000,0.000000,2400,2900,3200,3400,3800,4200,4700,5300,7300,8100,8600,35496,0,2400.0,2455.7163779421676,265.25213196873665,8611.9125187397,5035.0
1664901134,500,,Aggregated,147.900000,0.000000,2400,2900,3200,3400,3800,4200,4700,5300,7300,8100,8600,35636,0,2400.0,2455.49949758944,265.25213196873665,8611.9125187397,5035.0
1664901135,500,,Aggregated,148.100000,0.000000,2400,2900,3200,3400,3800,4200,4700,5300,7300,8100,8600,35783,0,2400.0,2455.147893962505,265.25213196873665,8611.9125187397,5035.0
1664901136,500,,Aggregated,147.600000,0.000000,2400,2900,3200,3400,3800,4200,4700,5300,7300,8100,8600,35938,0,2400.0,2455.103701750522,265.25213196873665,8611.9125187397,5035.0
1664901137,500,,Aggregated,147.400000,0.000000,2400,2900,3200,3400,3800,4200,4700,5300,7300,8100,8600,36083,0,2400.0,2455.1698808302685,265.25213196873665,8611.9125187397,5035.0
1664901138,500,,Aggregated,147.500000,0.000000,2400,2900,3200,3400,3800,4200,4700,5300,7300,8100,8600,36230,0,2400.0,2454.9245569865257,265.25213196873665,8611.9125187397,5035.0
1664901139,500,,Aggregated,146.800000,0.000000,2400,2900,3200,3400,3800,4200,4700,5300,7300,8100,8600,36378,0,2400.0,2454.3894004042722,265.25213196873665,8611.9125187397,5035.0
1664901140,500,,Aggregated,147.200000,0.000000,2400,2900,3200,3400,3800,4200,4700,5300,7300,8100,8600,36526,0,2400.0,2454.2176154959884,265.25213196873665,8611.9125187397,5035.0
1664901141,500,,Aggregated,147.700000,0.000000,2400,2900,3200,3400,3800,4200,4700,5300,7300,8100,8600,36677,0,2400.0,2453.8475046335066,265.25213196873665,8611.9125187397,5035.0
1664901142,500,,Aggregated,146.900000,0.000000,2400,2900,3200,3400,3800,4200,4700,5300,7300,8100,8600,36823,0,2400.0,2453.566003800441,265.25213196873665,8611.9125187397,5035.0
1664901143,500,,Aggregated,147.000000,0.000000,2400,2900,3200,3400,3800,4200,4700,5300,7300,8100,8600,36968,0,2400.0,2453.4151929191235,265.25213196873665,8611.9125187397,5035.0
1664901144,500,,Aggregated,147.300000,0.000000,2400,2900,3200,3400,3800,4200,4700,5300,7300,8100,8600,37116,0,2400.0,2453.2483344885986,265.25213196873665,8611.9125187397,5035.0
1664901145,500,,Aggregated,146.500000,0.000000,2400,2900,3200,3400,3800,4200,4700,5300,7300,8100,8600,37263,0,2400.0,2453.0046282959097,265.25213196873665,8611.9125187397,5035.0
1664901146,500,,Aggregated,147.600000,0.000000,2400,2900,3200,3400,3800,4200,4700,5200,7300,8100,8600,37406,0,2400.0,2452.768298416425,265.25213196873665,8611.9125187397,5035.0
1664901147,500,,Aggregated,147.200000,0.000000,2400,2900,3200,3400,3800,4200,4700,5200,7300,8100,8600,37556,0,2400.0,2452.593153783914,265.25213196873665,8611.9125187397,5035.0
1664901148,500,,Aggregated,147.000000,0.000000,2400,2900,3200,3400,3800,4200,4600,5200,7300,8100,8600,37702,0,2400.0,2452.6203096290974,265.25213196873665,8611.9125187397,5035.0
1664901149,500,,Aggregated,147.300000,0.000000,2400,2900,3200,3400,3800,4200,4600,5200,7300,8100,8600,37845,0,2400.0,2452.6436732130805,265.25213196873665,8611.9125187397,5035.0
1664901150,500,,Aggregated,146.500000,0.000000,2400,2900,3200,3400,3800,4200,4600,5200,7300,8100,8600,37996,0,2400.0,2452.584898493049,265.25213196873665,8611.9125187397,5035.0
1664901151,500,,Aggregated,146.500000,0.000000,2400,2900,3200,3400,3800,4200,4600,5200,7300,8100,8600,38144,0,2400.0,2452.425525675687,265.25213196873665,8611.9125187397,5035.0
1664901152,500,,Aggregated,146.500000,0.000000,2400,2900,3200,3400,3800,4200,4600,5200,7300,8100,8600,38293,0,2400.0,2452.1377282158533,265.25213196873665,8611.9125187397,5035.0
1664901153,500,,Aggregated,146.700000,0.000000,2400,2900,3200,3400,3800,4200,4600,5200,7300,8100,8600,38433,0,2400.0,2451.9160818639607,265.25213196873665,8611.9125187397,5035.0
1664901154,500,,Aggregated,146.500000,0.000000,2400,2900,3200,3400,3800,4200,4600,5200,7300,8100,8600,38585,0,2400.0,2452.0416971755158,265.25213196873665,8611.9125187397,5035.0
1664901155,500,,Aggregated,146.700000,0.000000,2400,2900,3200,3300,3800,4200,4600,5200,7300,8100,8600,38730,0,2400.0,2451.675143259369,265.25213196873665,8611.9125187397,5035.0
1664901156,500,,Aggregated,146.200000,0.000000,2400,2900,3200,3300,3800,4200,4600,5200,7300,8100,8600,38885,0,2400.0,2451.5578397545737,265.25213196873665,8611.9125187397,5035.0
1664901157,500,,Aggregated,146.200000,0.000000,2400,2900,3200,3300,3800,4200,4600,5200,7300,8100,8600,39030,0,2400.0,2451.38683835297,265.25213196873665,8611.9125187397,5035.0
1664901158,500,,Aggregated,146.700000,0.000000,2400,2900,3200,3300,3800,4200,4600,5200,7300,8100,8600,39174,0,2400.0,2450.8206407077523,265.25213196873665,8611.9125187397,5035.0
1664901159,500,,Aggregated,146.600000,0.000000,2400,2900,3200,3300,3800,4100,4600,5200,7300,8100,8600,39327,0,2400.0,2450.455219744533,265.25213196873665,8611.9125187397,5035.0
1664901160,500,,Aggregated,147.500000,0.000000,2400,2900,3200,3300,3800,4100,4600,5200,7300,8100,8600,39477,0,2400.0,2450.4079910277683,265.25213196873665,8611.9125187397,5035.0
1664901161,500,,Aggregated,147.400000,0.000000,2400,2900,3200,3300,3800,4100,4600,5200,7300,8100,8600,39622,0,2400.0,2450.2231797146915,265.25213196873665,8611.9125187397,5035.0
1664901162,500,,Aggregated,147.800000,0.000000,2400,2900,3200,3300,3800,4100,4600,5200,7300,8100,8600,39772,0,2400.0,2449.8863122888215,265.25213196873665,8611.9125187397,5035.0
1664901163,500,,Aggregated,147.500000,0.000000,2400,2900,3200,3300,3800,4100,4600,5200,7300,8100,8600,39920,0,2400.0,2449.535909713991,265.25213196873665,8611.9125187397,5035.0
1664901164,500,,Aggregated,147.400000,0.000000,2400,2900,3200,3300,3800,4100,4600,5200,7300,8100,8600,40069,0,2400.0,2449.102948644393,265.25213196873665,8611.9125187397,5035.0
1664901165,500,,Aggregated,147.800000,0.000000,2400,2900,3200,3300,3800,4100,4600,5200,7300,8100,8600,40217,0,2400.0,2448.8561171354245,265.25213196873665,8611.9125187397,5035.0
1664901166,500,,Aggregated,147.400000,0.000000,2400,2900,3200,3300,3800,4100,4600,5200,7300,8100,8600,40363,0,2400.0,2448.804598423109,265.25213196873665,8611.9125187397,5035.0
1664901167,500,,Aggregated,148.300000,0.000000,2400,2900,3200,3300,3800,4100,4600,5200,7300,8100,8600,40509,0,2400.0,2448.710387887202,265.25213196873665,8611.9125187397,5035.0
1664901168,500,,Aggregated,147.700000,0.000000,2400,2900,3200,3300,3800,4100,4600,5200,7300,8100,8600,40652,0,2400.0,2448.5816879517406,265.25213196873665,8611.9125187397,5035.0
1664901169,500,,Aggregated,148.000000,0.000000,2400,2900,3200,3300,3800,4100,4600,5200,7300,8100,8600,40803,0,2400.0,2448.3745820849363,265.25213196873665,8611.9125187397,5035.0
1664901170,500,,Aggregated,147.400000,0.000000,2400,2900,3200,3300,3800,4100,4600,5200,7300,8100,8600,40954,0,2400.0,2448.090503330199,265.25213196873665,8611.9125187397,5035.0
1664901171,500,,Aggregated,147.300000,0.000000,2400,2900,3200,3300,3800,4100,4600,5100,7300,8100,8600,41096,0,2400.0,2447.8834819744643,265.25213196873665,8611.9125187397,5035.0
1664901172,500,,Aggregated,146.800000,0.000000,2400,2900,3200,3300,3800,4100,4600,5100,7300,8100,8600,41249,0,2400.0,2447.8859744348115,265.25213196873665,8611.9125187397,5035.0
1664901173,500,,Aggregated,147.200000,0.000000,2400,2900,3200,3300,3800,4100,4600,5100,7300,8100,8600,41397,0,2400.0,2447.6485746531844,265.25213196873665,8611.9125187397,5035.0
1664901174,500,,Aggregated,147.200000,0.000000,2400,2900,3100,3300,3800,4100,4600,5100,7300,8100,8600,41547,0,2400.0,2447.2068006638,265.25213196873665,8611.9125187397,5035.0
1664901175,500,,Aggregated,147.400000,0.000000,2400,2900,3100,3300,3800,4100,4600,5100,7300,8100,8600,41694,0,2400.0,2447.0390816707754,265.25213196873665,8611.9125187397,5035.0
1664901176,500,,Aggregated,147.900000,0.000000,2400,2900,3100,3300,3800,4100,4600,5100,7300,8100,8600,41843,0,2400.0,2446.3747730224686,265.25213196873665,8611.9125187397,5035.0
1664901177,500,,Aggregated,147.600000,0.000000,2400,2900,3100,3300,3800,4100,4600,5100,7300,8100,8600,41992,0,2400.0,2446.37641835978,265.25213196873665,8611.9125187397,5035.0
